id;Titulo;Barrio;Distrito;C.Postal;Direccion;Latitud;Longitud;Descripcion
1;Casa Museo Lope de Vega;Cortes;Centro;28014;CALLE CERVANTES 11;40.414358466555235;-3.6974741545860015;'Mi casilla, mi quietud, mi g&ampuumlertecillo y estudio'. Así define su casa Félix Lope de Vega (1562-1635) en una carta dirigida a un amigo. Situada en pleno centro histórico, en el Barrio de las Letras, la Casa Museo Lope de Vega se ubica en el edificio donde el escritor vivió sus últimos 25 años. La recreación de ambientes, cuyo objetivo es que se respire la presencia de Lope, evoca la vida cotidiana del Siglo de Oro y nos acerca a su intimidad. El equipamiento de la casa incorpora obras de arte, mobiliario, enseres y ediciones bibliográficas vinculadas al literato y su tiempo. Visitas Guiadas El acceso al museo se hace mediante visitas guiadas en grupo (máximo 15 personas). Imprescindible reservar con antelación, llamando al teléfono 914 299 216 o escribiendo un correo electrónico a casamuseolopedevega@madrid.org.Las visitas comienzan cada media hora y tienen una duración aproximada de 35 minutos (última visita a las 17 horas).También se realizan visitas en inglés y francés.Metro: Antón Martín (línea 1).Bus: M1Bicimad:Estación 27 (calle Jesús)Estación 52 (Plaza de Santa Ana)Cercanías Renfe: Sol (líneas C3 y C4)
2;Casita - Museo del Ratón Pérez;Sol;Centro;28013;CALLE ARENAL 8 PLANTA 1.ª;40.41704834412296;-3.7055288844865233;La residencia de la familia Pérez está situada en los sótanos de la confitería Prasi, en el número ocho de la calle del Arenal, según cita Luis Coloma. La compra de entradas se efectúa únicamente en el mostrador la tienda.Venta de entradas directamente en el Museo.Recomendado a partir de los 5 años.Aforo limitado. El acceso es por turnos de visitas.Metro: Sol (líneas: 1, 2 y 3), Ópera (línea 3, Ramal Ópera Príncipe Pío), Callao (línea 3, 5)Bus: 3Bicimad: Estación 31 (calle Mayor, 20)Estación 25 a y b (Plaza Celenque, 1)
3;Castillo de la Alameda;AlamedaOsuna;Barajas;28042;CALLE ANTONIO SANCHA 1;40.45835460563491;-3.5932903820278788;El Castillo de la Alameda o de Barajas se trata de uno de los escasos vestigios de la arquitectura militar del pasado siglo XV y uno de los pocos castillos que ha sobrevivido al paso del tiempo. Bajo él y su entorno, existen restos de asentamientos antiguos desde la Edad del Bronce hasta la Época Romana.En el edificio se realizan talleres para escolares y actividades en verano.Accesibilidad Rampas de acceso.Aseos adaptados para personas con movilidad reducida.Información en Braille para invidentes.Metro: Alameda de Osuna y El Capricho (línea 5) Bus: 101, 105, 112, 114, 115 y 151
4;Casón del Buen Retiro. Museo Nacional del Prado, Centro de Estudios;LosJeronimos;Retiro;28014;CALLE ALFONSO XII 28;40.415263749471535;-3.689232811717636;Edificio que forma parte del Museo Nacional del Prado, donde pueden consultarse fondos de la Biblioteca, del Archivo y del Servicio de Documentación de la colección del Museo y de otras fuentes relativas a la historia del arte.Descripción monumental El Casón o Salón de Baile es el único volumen que permanece del antiguo Palacio del buen Retiro, ejecutado en 1637 con un proyecto de Alonso Carbonel. Aún se conserva la bóveda de cañon con lunetas, pintada al fresco por Lucas Jordán en 1692 con la Alegoría del Toisón de Oro. Su fachada principal, a poniente, arrasada la primitiva en 1886 por un ciclón, es de Velázquez Bosco. La última rehabilitación ha sido realizada por Jaime Torruell.Metro: Estación del Arte (Atocha) (línea 1)Bus: 19Renfe: AtochaBicimad: Estación 65 (calle Antonio Maura, 15)
5;Centro Social y Cultural La Casa Encendida;Embajadores;Centro;28012;RONDA VALENCIA 2;40.40595710517701;-3.699779793558763;Edificio de carácter monumental. De estilo neomudéjar, fue diseñado por el arquitecto Fernando Arbós e inaugurado en el año 1913. Cuenta con más de 6000 metros cuadrados de instalaciones divididas en 4 plantas y una azotea.Metro: Embajadores (línea 3).Bus: 119, 27, 34, 36, 41, C2, C1, M1.Cercanías Renfe: Embajadores (línea C5).Bicimad: Estación 49 (ronda de Atocha, 34).
6;Ermita de San Antonio de la Florida (Museo);CasaCampo;Moncloa-Aravaca;28008;GLORIETA SAN ANTONIO DE LA FLORIDA 5;40.425256682855846;-3.725725718176111;Ermita dedicada a San Antonio de Padua y pequeño museo. Las pinturas murales que la decoran son de Francisco de Goya. Alberga los restos mortales del artista desde 1919. Para preservar sus pinturas, en 1929 se trasladó el culto a una ermita gemela construida a su lado, dejando el edificio original como museo.Metro: Príncipe Pío (líneas 5, 10 y ramal Ópera - Príncipe Pío) Bus: 41, 46 y 75 (Intercambiador Príncipe Pío) Renfe: Príncipe Pío BICIMAD: Estación 161 (Paseo de la Florida 8)
7;Espacio Fundación Telefónica;Universidad;Centro;28004;CALLE FUENCARRAL 3;40.42041458612889;-3.7016034186955076;Metro: Gran Vía (líneas 1, 5)Bus: 1, 146, 2, 46, 74, M2, 3.Bicimad: Estación 211 (Desengaño, 1).
8;Fundación AMYC (Arte Moderno y Contemporáneo). Casa Museo Fuente del Rey;Aravaca;Moncloa-Aravaca;28023;CALLE FUENTE DEL REY 11;40.45546180290319;-3.7705836264842576;Bus: 161.
9;Monasterio de las Descalzas Reales;Sol;Centro;28013;PLAZA DESCALZAS 3;40.418233359889484;-3.706213134639163;Convento fundado por la Princesa Juana de Austria, transformando un antiguo palacio de su madre Isabel de Portugal.Metro: Ópera (líneas 2, 5 y Ramal Ópera-Príncipe Pío)Bus: 3, 25, 39, 148Bicimad: Estación 25 a y b (Plaza de Celenque)
10;Museo ABC;Universidad;Centro;28015;CALLE AMANIEL 29;40.42741121610518;-3.709539260414957;Centro de arte, dibujo e ilustración.Metro: San Bernardo (líneas 2, 4), Noviciado (línea 2), Ventura Rodríguez (línea 3), Plaza de España (líneas 3, 10) Bus: M2Bicimad: Estación 13 (calle Conde Duque 22)
11;Museo Africano Mundo Negro;SanJuanBautista;CiudadLineal;28043;CALLE ARTURO SORIA 101;40.449464654033605;-3.65149172790308;Bus: 11, 70, 114, 122, 115, 200.
12;Museo Arqueológico Nacional;Recoletos;Salamanca;28001;CALLE SERRANO 13;40.42327763947072;-3.688418705931963;Fundado en 1867, el MAN se inauguró en 1895 en su actual sede, en el Palacio de Biblioteca y Museos, edificio proyectado por Francisco Jareño y terminado por Antonio Ruiz de Salces.Metro: Serrano (línea 4)Bus: 1, 9, 19, 51, 74, 5, 14, 27, 45, 53, 150Cercanías Renfe: Recoletos (línea C1, C2, C7, C-10 y Regional)Bicimad: Estación 95 (calle Claudio Coello 109)
13;Museo Casa de la Moneda;Goya;Salamanca;28028;CALLE DOCTOR ESQUERDO 36;40.42259797372905;-3.6691502061733674;Metro: O&ampacuteDonnell (línea 6).Bus: 143, 156, 2, 30, 56, 71, C2, 28, 203.Bicimad: Estación 101 (calle Jorge Juan, 131).
14;Museo Cerralbo;Arguelles;Moncloa-Aravaca;28008;CALLE VENTURA RODRIGUEZ 17;40.42376732078657;-3.7146170388153497;Este Palacio, construido entre 1883 y 1893, fue concebido como vivienda y como museo para sede de las obras de arte reunidas por los Marqueses de Cerralbo y sus hijos, los Marqueses de Villa Huerta, durante los numerosos viajes que realizaron por España y Europa.Metro: Plaza de España (líneas 3, 10), Príncipe Pío (líneas 6 y 10)Bus: 62, 74.Cercanías Renfe: Príncipe Pio (líneas C1, C7 Y C10).Bicimad: Estación 14 (calle Ventura Rodríguez, 2).
15;Museo EMT;Castilla;Chamartin;28046;CALLE MAURICIO LEGENDRE 40;40.480173612860305;-3.6831595451893273;El Museo de la EMT se ha convertido en realidad tras una década de duro trabajo de recuperación, restauración y reparación del patrimonio histórico de la Empresa Municipal de Transportes de Madrid, especialmente, material móvil, mobiliario, piezas mecánicas, maquinaria y otros elementos inherentes a la actividad de la EMT en sus 70 años de historia.Metro: Begoña (línea 10).Bus: 66, 173, 174, 176, 191, 193, 194, 195, 196, 197, 712, 713, 714, 716, L171.
16;Museo Félix Cañada;RiosRosas;Chamberi;28003;CALLE ALENZA 1;40.442581673356834;-3.700796192332983;Una selección de más de quinientas obras de arte de entre las cerca de mil de la donación original, constituyen la Colección Permanente que se puede visitar en las salas del Museo Félix Cañada de la Fundación Gómez Pardo, adscrita a la Escuela Técnica Superior de Ingenieros de Minas y Energía de la Universidad Politécnica de Madrid. Donada por el ingeniero de minas Doctor Félix Cañada Guerrero a la Fundación Gómez Pardo, reúne una amplia representación de trabajos de destacados artistas, pintores, escultores, ilustradores, grabadores, orfebres, ceramistas, etc. abarcando diferentes periodos desde el siglo XI hasta nuestros días.
17;Museo Geominero;RiosRosas;Chamberi;28003;CALLE RIOS ROSAS 23;40.442047952073665;-3.699670468881422;Los objetivos del Museo Geominero son conservar, investigar y difundir la riqueza y diversidad del patrimonio geológico, paleontológico y mineralógico a través de las importantes colecciones de minerales, rocas y fósiles procedentes de todas las regiones españolas y de antiguos territorios coloniales, así como de yacimientos significados del registro mundialMetro: Ríos Rosas (línea 1) y Alonso Cano (línea 7).Bus: 45, 12, 149, 3, 37, 5.Bicimad: Estación 130 (calle Santa Engracia, 127).
18;Museo Histórico Minero Don Felipe de Borbón y Grecia;RiosRosas;Chamberi;28003;CALLE RIOS ROSAS 21;40.44207963042673;-3.7003900716027776;Ubicado en la Escuela Técnica Superior de Ingenieros de Minas de MadridMetro: Ríos Rosas (línea 1)Bus: 3, 12, 37, 45, 149Bicimad: Estación 130 (calle Santa Engracia, 127)
19;Museo ICO;Cortes;Centro;28014;CALLE ZORRILLA 3;40.41675330128869;-3.6977346235068373;Metro: Banco de España (línea 2) , Sevilla (línea 2).Bus: 53, 15, 20, 3, 51, M1, 150, 5, 46, 52.BICIMAD: estación 29 (calle Marqués de Cubas, 25).
20;Museo Los Caños del Peral. Estación de Metro Ópera;Palacio;Centro;28013;PLAZA ISABEL II 1;40.41775560280743;-3.709202070089538;La estación de Ópera cuenta con el mayor museo arqueológico bajo tierra de Madrid, un espacio de 200 m2 donde se pueden ver restos arqueológicos de los siglos XVI y XVII pertenecientes a la Fuente de los Caños del Peral, el Acueducto de Amaniel y la Alcantarilla del Arenal.Metro: Ópera (líneas 2, 5 y Ramal).Bus: 25Bicimad: Estación 24 (calle Carlos III, 1)
21;Museo Lázaro Galdiano;Castellana;Salamanca;28006;CALLE SERRANO 122;40.436750328725985;-3.6861980129207894;Metro: Gregorio Marañón (línea 7 y 10)Bus: 12, 16, 9, 19, 51, 61
22;Museo Nacional Centro de Arte Reina Sofía (MNCARS);Embajadores;Centro;28012;CALLE SANTA ISABEL 52;40.40854131574014;-3.6940316511856017;Edificio Sabatini: calle Santa Isabel 52. Edificio Nouvel (ampliación): ronda de Atocha, esquina a plaza del Emperador Carlos V. Espacios en el parque del Retiro: Palacio de Velázquez y Palacio de Cristal.Metro: Estación del Arte (Atocha) (línea 1)Bus: 6, 26, 32, E1, 27, 34, C1, 59, 85, C2, 10, 14, 37, 45, 36, 41, 119Cercanías Renfe: Atocha (líneas C1, C2, C3, C4, C5, C7, C8, C10)Bicimad: Estación 50 (calle Santa Isabel, 57)Estación 51 (Ronda de Atocha, 2)
23;Museo Nacional Thyssen-Bornemisza;Cortes;Centro;28014;PASEO PRADO 8;40.41600553697803;-3.694744831131079;El Palacio donde se ubica la colección fue el antiguo palacio del duque de Villahermosa. Edificación neoclásica. Posteriormente se adapta como entidad bancaria perdiento sus espacios interiores. Más tarde, pasó a formar parte de los edificios del Museo del Prado. Desde principios de los 90 alberga la Colección Thyssen. El museo ofrece un recorrido por la historia de la pintura europea desde sus inicios en el siglo XIII, hasta finales del siglo XX.Arquitecto: Antonio López Aguado (1805 - 1806)Adecuación: Rafael Moneo (1989 - 1992)Ampliación: BOPBAA (1999 - 2004)Metro: Banco de España (línea 2)Bus: 10, 14, 27, 34, 37, 45Cercanías Renfe: RecoletosBicimad:Estación 27 (calle Jesús, 1)Estación 29 (calle Marqués de Cubas, 25)
24;Museo Nacional de Antropología;LosJeronimos;Retiro;28014;CALLE ALFONSO XII 68;40.407887537677716;-3.688862923660605;El Museo está instalado en el edificio de estilo clasicista construido por el Marqués de Cubas en 1875 por encargo del Doctor González Velasco, fundador de la institución.Metro: Estación del Arte (Atocha) (línea 1)Bus: 19,  C1, 10, 14, 26, 32, 102, 37, 86, C2, 203, 85, 141.Cercanías Renfe: Atocha (líneas C1, C2, C3, C4, C5, C7, C8, C10).Bicimad: Estación 80 a y b (paseo Infanta Isabel, 3).
25;Museo Nacional de Artes Decorativas;LosJeronimos;Retiro;28014;CALLE MONTALBAN 12;40.417891279015194;-3.689754685481908;Inaugurado en 1912, su sede es un típico palacete madrileño del último tercio del siglo XIX. El museo posee muebles, cerámicas, vidrios, joyas, tejidos, arte oriental, y hasta 30 000 objetos distintos que a lo largo de la historia han servido para embellecer las casas, palacios y los monumentos de distintas culturas.El museo posee muestras como el Jarrón de Sevres regalo de Napoleón III, la Cocina Valenciana del siglo XVIII compuesta por más de 1500 azulejos de Manises, la Mesa de plata del siglo XVI o la colección de alfombras españolas de los siglos XV al XVII.El Museo dispone de una rampa de acceso al edificio en la calle Montalbán. Para su uso, es necesario avisar con antelación al personal del Museo.El acceso a las diferentes plantas, puede realizarse mediante ascensor. Debido a las dimensiones del mismo, es necesario emplear en él las sillas de ruedas que el Museo pone a su disposición, previa solicitud.Metro: Retiro (línea 2).Bus: 19, 1, 146, 15, 2, 20, 51, 52, 74, 9, E1, 203, 14, 27, 37, 45.Cercanías Renfe: Recoletos (líneas C1, C2, C7, C8 Y C10).Bicimad: Estaciones 65 (calle Antonio Maura, 15) y 60 (plaza de la Independencia, 6).
26;Museo Nacional de Ciencias Naturales;ElViso;Chamartin;28006;CALLE JOSE GUTIERREZ ABASCAL 2;40.44042007613476;-3.690220716379925;Metro: Gregorio Marañón (líneas 7, 10).Bus: 12, 45, 14, 147, 150, 27, 40, 7.Bicimad: Estación 139 (Calle José Gutiérrez Abascal, 2).
27;Museo Naval;LosJeronimos;Retiro;28014;PASEO PRADO 5;40.41751289873052;-3.692768317427539;Temática: historia de la navegación españolaMetro: Banco de España (línea 2)Bus: 14, 27, 34, 37, 45, 202, 1, 2, 51, 146, 150Bicimad:Estación 65: Calle Antonio Maura, 15  Estación 86: Plaza de Cibeles
28;Museo Postal y Telegráfico;Valdemarin;Moncloa-Aravaca;28023;CALLE TAPIA DE CASARIEGO 6;40.467706026917405;-3.7690721403206724;El  Museo Postal y Telegráfico ofrece al visitante un recorrido temático y cronológico a través  de la historia de las comunicaciones, desde la más tradicional, la carta, hasta las comunicaciones por satélite. En este museo se conservan y exhiben los fondos postales y de telecomunicación desde los primeros hitos conocidos hasta nuestros días.Bus: 161.
29;Museo Sorolla;Almagro;Chamberi;28010;PASEO GENERAL MARTINEZ CAMPOS 37;40.43557863874977;-3.6923288211390055;Metro: Rubén Darío (línea 5), Gregorio Marañón (líneas 7, 10), Iglesia (línea 1)Bus: 5, 7, 16, 40, 61, 147
30;Museo Taurino de la Comunidad de Madrid;Guindalera;Salamanca;28028;CALLE ALCALA 237;40.43157110306013;-3.662872780933851;Su existencia data del día de San Isidro de 1951, creado por la extinta Diputación Provincial de Madrid. Sirve como testimonio de los momentos estelares del arte y la historia del toreo.La entrada se encuentra situada junto al patio de caballos de la Plaza de Toros Monumental de Las Ventas.Metro: Ventas (líneas 2, 5).Bus: 12, 21, 38, 53, 74, 106, 110, 146, 210.
31;Museo Tiflológico;CuatroCaminos;Tetuan;28020;CALLE LA CORUÑA 18;40.45519790204094;-3.7001960485997545;Edificio con una superficie de 1.500 m2 dividido en tres zonas con maquetas de monumentos nacionales e internacionales realizadas por invidentes e instrumentos utilizados por los invidentes desde hace 200 años. Es un espacio concebido para que sus visitantes puedan ver y tocar las piezas expuestas.Metro: Estrecho (línea 1)Bus: 3, 42, 64, 66, 124, 127
32;Museo de Aeronáutica y Astronáutica;CuatroVientos;Latina;28024;AUTOVIA A-5 10.700 Km. 10,5;40.3733013700739;-3.798200034372686;Emplazado en Cuatro Vientos desde 1966, tiene como objetivo narrar la historia y el desarrollo científico - técnico de la Aeronáutica y Astronáutica españolas. Ocupa una superficie de 66.938 metros cuadrados, repartidos en una zona de exposición exterior y siete hangares que albergan más de 140 aeronaves, así como uniformes, condecoraciones, motores, maquetas y otros fondos relacionados con la aviación.
33;Museo de América;CiudadUniversitaria;Moncloa-Aravaca;28040;AVENIDA REYES CATOLICOS 6;40.43792950973577;-3.72186494128936;Metro: Moncloa (líneas 3, 6), Islas Filipinas (línea 7).Autobús: 160, 161, A, 32, 133, 162, 46, 82, 83, G, U.Bicimad: Estación 128 (calle Cea Bermúdez, 59). Aparcamiento gratuito durante los fines de semana y festivos.
34;Museo de Arte Contemporáneo de Madrid;Centro;Centro;28015;CALLE CONDE DUQUE 9;40.42737760210632;-3.7106116887809817;&ampbull  El edificio está casi enteramente adaptado para facilitar la accesibilidad de los visitantes. &ampbull  Dispone de ascensores y aseos adaptados.Metro: Ventura Rodríguez, Plaza de España, San Bernardo, Noviciado. Bus: 1, 2, 21, 44, 74, 133, C, M2 Bicimad: Estación 13, Calle Conde Duque n&ampordm22. Parking:  Plaza de España
35;Museo de Artes y Tradiciones Populares. Centro Cultural La Corrala;Embajadores;Centro;28005;CALLE CARLOS ARNICHES 3;40.40882397197274;-3.708330456274069;Metro: La Latina (línea 5)Bus: 17, 18, 23, 35, 60.Bicimad: Estación 44 (calle Mesón de Paredes, 35).
36;Museo de Astronomía y Geodesia;CiudadUniversitaria;Moncloa-Aravaca;28040;PLAZA CIENCIAS 3;40.44942472705852;-3.7262214898219117;El museo de Astronomía y Geodesia, situado en una sala de la Facultad de Ciencias Matemáticas de la Universidad Complutense de Madrid, agrupa una importante colección de instrumentos de Astronomía, Geodesia y Topografía, reunidos con el afán didáctico de dar a conocer la evolución de los métodos utilizados en estas disciplinas durante los últimos 150 años.Bus: 132, F, 82, G, U.
37;Museo de Bomberos;Numancia;PuenteDeVallecas;28038;CALLE BOADA 4;40.39453171263195;-3.6539313207612207;Abierto al público en 1982, reúne todos los instrumentos usados por los bomberos durante más de cuatro siglos.    Acceso para minusválidos       Entrada gratuita    Apropiado para niños               Visita para grupos con cita previaMetro: L1- Buenos Aires Bus: 141 y 143
38;Museo de Calcografía Nacional;Sol;Centro;28014;CALLE ALCALA 13;40.41764548040709;-3.700667044636178;Reúne un extraordinario conjunto de planchas grabadas por los más significados artistas españoles, hasta conformar una de las mayores y mejores colecciones de matrices calcográficas del mundo. Su principal tesoro son las planchas de cobre grabadas al aguafuerte por Francisco de Goya, obras cumbres de la historia universal del grabado.Metro: Sol (líneas 1, 2, 3), Sevilla (línea 2)Bus: 5, 15, 20, 53, 150, M1, 3Cercanías: SolBicimad: Estación 28 (calle Alcalá, 27)
39;Museo de Cera;Justicia;Centro;28004;PASEO RECOLETOS 41;40.424403779665376;-3.6914362030084815;Se pueden realizar cuantas fotografías se deseen en el interior.Metro: Colón (línea 4)Bus: 14, 150, 27, 45, 5, 53, 21, 37Cercanías Renfe: Recoletos (líneas C1, C2, C7, C10)Bicimad: Estación 10 (Calle Marqués de la Ensenada, 16)
40;Museo de Escultura al Aire Libre de la Castellana;Castellana;Salamanca;28046;PASEO CASTELLANA 40;40.433219398671156;-3.6876122680805956;El Museo de Escultura al Aire Libre de La Castellana, está situado bajo el paso elevado que une las calles de Juan Bravo y Eduardo Dato, contiene una excelente colección de escultura abstracta española.Transporte público más próximo  Metro: Rubén Darío (línea 5) Bus: 5, 14, 27, 45, 150 BICIMAD: Estación 142 (Paseo de la Castellana n&ampordm42)
41;Museo de Historia de Madrid;Justicia;Centro;28004;CALLE FUENCARRAL 78;40.42577054821346;-3.700845660719608;Creado como Museo Municipal en 1929 y rebautizado como Museo de Historia de Madrid en 2007, tras una profunda remodelación, el año 2014 reabre sus puertas con un montaje moderno y una puesta al día de sus colecciones.Accesibilidad física: Rampa de acceso a la entrada.Ascensores.Aseos adaptados.Silla de ruedas.Metro: Tribunal, Bilbao y Alonso Martínez. Bus: 3, 21, 37, 40, 147 y 149. BICIMAD: Estación 54 (Calle Barceló 7) Aparcamiento público: Barceló.
42;Museo de Historia de la Comunidad Judía de Madrid;Trafalgar;Chamberi;28010;CALLE BALMES 3;40.43534317115623;-3.700013620203689;Metro: Iglesia (línea 1)Bus: 5, 16, 37, 61, 149, 3Bicimad: Estación 123 (calle General Álvarez de Castro, 2)
43;Museo de Mineralogía;ElGoloso;Fuencarral-ElPardo;28049;CARRETERA COLMENAR VIEJO KM.19000 Facultad de Ciencias (Departamento de Química Agrícola, Geología y Geoquímica: Módulo C-VI, planta 4).;null;null;Presenta colecciones de minerales clasificados por su composición química y vitrinas murales con ejemplares de exhibición procedentes de todo el mundo.Renfe: Cantoblanco Universidad
44;Museo de San Isidro. Los Orígenes de Madrid;Palacio;Centro;28005;PLAZA SAN ANDRES 1;40.41207900253883;-3.7108161027466378;Este espacio museográfico propone un viaje por la historia de la ciudad de Madrid desde la Prehistoria hasta el establecimiento de la Corte, a través de distintas salas como la de San Isidro, el Patio Renacentista, el Jardín Arqueobotánico o el Almacén Visitable.Metro: Latina , Tirso de Molina Bus: 3 , 17 , 18 , 23 , 35 , 60 , 65 , 148 BICIMAD: Estación 38 (Carrera de San Francisco 1)
45;Museo de Sanidad e Higiene Pública;LaPaz;Fuencarral-ElPardo;28029;AVENIDA MONFORTE DE LEMOS 5;40.47546597881768;-3.6900603941123107;Con sede en el Instituto de Salud Carlos III, ocupa las antiguas dependencias del Laboratorio de Microbiología del Hospital del Rey. 300 m2 conservados tal cual su antiguo uso, con fondos de mobiliario, instrumental y bibliografía de los antiguos hospitales para enfermos infecciosos del complejo. Se resaltan hitos históricos relevantes en salud pública mediante láminas enmarcadas.Metro: Chamartín (líneas 1, 10), Plaza de Castilla (1, 9, 10)Bus: 134, 137Renfe: Chamartín
46;Museo de la Biblioteca Nacional de España;Recoletos;Salamanca;28001;PASEO RECOLETOS 20 y 22;40.423001908945956;-3.69084423390357;El Museo de la Biblioteca Nacional de España, antiguo Museo del Libro, es responsable de la oferta educativa, formativa, cultural y de ocio de la institución y divulga las colecciones, funcionamiento e historia de la Biblioteca para todos los públicos.Metro: Colón, (línea 4), Retiro (Línea 2)Bus: 5, 14, 27, 45, 53, 150, 37, 21, 1, 9, 19, 51, 74Cercanías Renfe: Recoletos (líneas C1, C2, C7, C8  y C10)Bicimad: Estación 94 (Paseo Recoletos, 32-34)
47;Museo de la Catedral de la Almudena;Palacio;Centro;28013;CALLE BAILEN 10 Entrada por un costado de la entrada principal de la catedral;40.415538770017406;-3.7136931154460564;Bus: 3.Metro: Ópera (Líneas 2, 5 y Ramal Ópera Príncipe Pío).Bicimad: Estación 36 (plaza Ramales, 1).
48;Museo de la Farmacia Hispana;CiudadUniversitaria;Moncloa-Aravaca;28040;PLAZA RAMON Y CAJAL Facultad de Farmacia;40.4445328804645;-3.7262160043788155;Metro: Ciudad Universitaria (línea 6)Bus: 82, 132 , F, G, U
49;Museo de la Guardia Civil;Vallehermoso;Chamberi;28003;CALLE GUZMAN EL BUENO 110;40.44438523242585;-3.712300118990835;Metro: Guzmán el Bueno (líneas 6, 7)Bus: 2, 44
50;Museo de la Real Academia de Bellas Artes de San Fernando;Sol;Centro;28014;CALLE ALCALA 13;40.41765456031193;-3.7006553517170633;Construido inicialmente para palacio de Don Juan de Goyeneche, el edificio fue adquirido por la Academia de Bellas Artes en 1773 y reformado bajo la dirección de Fernando Chueca Goitia en 1973 y la fachada por Diego de Villanueva en 1774.Visitas guiadas (no grupos): 25 personas máximo.Martes, jueves y viernes no festivos a las 11 horas, excepto Navidad, Semana Santa y agosto. Visitas para grupos (8 a 14 personas) a otras instalaciones diferentes del Museo: jueves no festivos a las 11:30 horas.Gratuitas y guiadas a los centros escolares y asociaciones a cargo de voluntarios culturales del Museo. Previa solicitud: Visitas de grupo: museo.visitas@rabasf.org Visitas privadas a museo cerrado:  actos.culturales@rabasf.org  Cumplimentando formulario de petición de reservas en la webMetro: Sol (líneas 1, 2, 3), Sevilla (línea 2)Bus: 3, 15, 20, 53, 150, M1, 3Renfe Cercanías: SolBicimad: Estación 28 (calle Alcalá, 27)
51;Museo del Ferrocarril de Madrid;Delicias;Arganzuela;28045;PASEO DELICIAS 61;40.400281290485566;-3.693817192160563;Edificio de carácter monumental. Construido como cabecera de la línea Madrid - Extremadura - Portugal en el año 1880 por E. Cachelievre.Metro: Delicias (línea 3).Bus: 19, 247, 45, 47, 59, 85, 86, 8, 55, 6.Cercanías Renfe: Delicias (líneas C1, C7, C10 y Regional).Bicimad: Estación 172 (Bustamante, 1).
52;Museo del Prado;LosJeronimos;Retiro;28014;CALLE RUIZ DE ALARCON 23;40.41358458131178;-3.691325445518223;Construido inicialmente como Museo de Ciencias Naturales, este edificio neoclásico fue transformado en pinacoteca de las Colecciones Reales en 1818 con colecciones de pintura, dibujos, grabados, monedas y medallas desde el Románico hasta el siglo XIX.Arquitecto: Juan de Villanueva (1785 - 1808) Adecuación: Antonio López Aguado (1818 - 1831) Ampliación: Rafael Moneo (2000 - 2007)Metro: Estación del Arte (Atocha) (línea 1), Banco de España (línea 2), Retiro (línea 2)Bus: 10, 14, 27, 34, 37, 45Renfe: AtochaBicimad: Estación 68 (calle Espalter, 1)
53;Museo del Reloj Grassy;Cortes;Centro;28013;CALLE GRAN VIA 1;40.41914770731552;-3.69806583195521;Arquitecto: Eladio Laredo Carranza (1916 - 1917).Fundado por el relojero francés Grassy en 1955, este museo narra la historia de este aparato de medición. Sus fondos, colección privada, consta de una amplia y variada colección de diferentes nacionalidades y los más variados estilos.Metro: Banco de España (línea 2), Gran Vía (Líneas 1 y 5).Bus: 52, 9, 1, 146, 2, 46, 74, M2, 15, 150, 20, 5, 51, 53, 3.Bicimad: Estación 28 (calle Alcalá, 27).
54;Museo del Romanticismo;Justicia;Centro;28004;CALLE SAN MATEO 13;40.42585510296794;-3.6987835425963063;Descripción monumental Construido para casa palacio del Marqués de Matallana por el arquitecto Manuel Rodríguez, dentro de unas líneas clasicistas, tiene algunas leves reminiscencias del barroco, como las molduras en forma de orejeras en los balcones. Las estancias nobles se organizan en torno a dos patios cuadrados. Conserva un interesante jardín romántico. A finales del siglo XVIII el inmueble pasó a estar habitado por los Condes de la Puebla del Maestre y después, desde junio de 1921, fue sede de la Comisaría Regia de Turismo, organismo creado por el II Marqués de la Vega-Inclán. En 1924 se convirtió en Museo Romántico y desde entonces ha sido restaurado e intervenido en diversas ocasiones con motivo de su funcionamiento como museo.  Desde 2001 a 2009 el Museo fue reformado y puesto a punto, en aplicación de un plan museológico consistente en su renovación, ampliando su ámbito temático desde lo meramente literario hasta lo histórico, político, artístico y decorativo, para dar una visión de conjunto de esta etapa de la vida española.Muestra la ambientación de una casa romántica. Posee obras de los pintores más importantes del siglo XIX (Goya, Madrazo y otros) junto a esculturas, muebles, porcelanas, abanicos y todo tipo de complementos decorativos que nos recuerdan la forma de vida de una familia burguesa del siglo XIX.Metro: Tribunal (líneas 1, 10), Alonso Martínez (líneas 4, 5, 10)Bus: 37, 149, 42, 3Renfe: RecoletosBicimad:Estación 7 (calle Hortaleza, 75)Estación 54 (calle Barceló, 7)
55;Museo del Seguro. Fundación Mapfre;Justicia;Centro;28004;CALLE BARBARA DE BRAGANZA 14;40.42326356132727;-3.6922850587679505;Ubicado en el edificio de Fundación MAPFRE exhibe una amplia colección de piezas relacionadas con la historia de la actividad aseguradora desde el siglo XVIII hasta nuestros días. Ofrece visitas guiadas y gratuitas para grupos.Metro: Colón (línea 4)Bus: 37, 14, 150, 27, 45, 5, 53Renfe: Recoletos (Líneas C1, C2, C7, C8, C10)Bicimad: Estación 94 (paseo Recoletos, 32-34)
56;Museo del Traje. Centro de Investigación del Patrimonio Etnológico (CIPE);CiudadUniversitaria;Moncloa-Aravaca;28040;AVENIDA JUAN DE HERRERA 2;40.439657822278555;-3.7278378564088275;Edificio de carácter monumental, construido por Jaime López de Asiaín en 1969.Metro: Ciudad Universitaria (línea 6)Bus: 46, 160, 161, U, 82, G, 132, 83, 133, 162
57;Palacio Real de El Pardo;ElPardo;Fuencarral-ElPardo;28048;CALLE MANUEL ALONSO 8;40.520522342970146;-3.7762390614462853;Recinto en el que se conserva el Palacio, construido sobre el castillo del siglo XV, la Casita del Príncipe, del siglo XVIII y la Quinta del Duque de Arco (Palacete que fue Casa de Labor y sus tierras). Desde 1983 ha sido adecuado para residencia de Jefes de Estado extranjeros en visita oficial.Bus: 601 (Madrid - Colonia Mingorrubio)
58;Palacio Real de Madrid;Palacio;Centro;28013;CALLE BAILEN;40.42075212551193;-3.712699107286406;Construido sobre el solar del antiguo Alcázar tras un incendio en 1734. Proyectado por Juvara en 1735 y construido por Sachet de 1738 a 1764 bajo las influencias del clasicismo barroco. A partir de 1770, Sabatini añadió el ala sudeste y realizó la gran escalera. Es de destacar el gran patio que articula el edificio y la fachada principal que aloja el balcón y Escudo Real.Metro: Ópera (líneas 2, 5 y Ramal Ópera Norte)Bus: 3, 138, 148, 25, 39, 46, 62, 75, C1Cercanías: Príncipe PíoBicimad: Estación 36 (Plaza de Ramales, 1)
59;Panteón de Hombres Ilustres;Pacifico;Retiro;28014;CALLE JULIAN GAYARRE 3;40.40622617519116;-3.683413041846525;La construcción de este edificio responde a dos de las constantes de fines de siglo: la arquitectura historicista y la escultura funeraria. En él reposan trece personajes ilustres de la historia política y militar española.Metro: Estación del Arte (Atocha) (línea 1)Bus: 10, 14, 24, 32, 37, 54, 57, 141, 26, C1, C2, 102Renfe: Atocha
60;Parroquia Santa Cruz;Sol;Centro;28012;CALLE ATOCHA 6;40.414608558946085;-3.705255882048698;Metro: Sol (líneas 1, 2, 3), Tirso de Molina (línea 1).Bus: 50, 26, 32, 6, 65, 18, 23, 17, M1, 31.Cercanías Renfe: Sol (líneas C3 y C4).Bicimad: Estaciones 32 (plaza de la Provincia, 1), 34 (plaza de Jacinto Benavente), 40 (plaza del Conde Romanones, 9).
61;Planetario de Madrid;Legazpi;Arganzuela;28045;AVENIDA PLANETARIO 16;40.392279999540044;-3.684956957448299;Inaugurado el 29 de septiembre de 1986, es un centro dependiente del Área de Cultura y Deportes del Ayuntamiento de Madrid. Durante los años 2016/2017 fue sometido a una profunda renovación tanto tecnológica como de las instalaciones y edificio, posible en virtud de un acuerdo de colaboración entre el Ayuntamiento de Madrid y la Obra Social &ampldquola Caixa&amprdquo &ampndash que incluye dotación de contenidos, renovación de exposiciones y la realización de actividades varias en el campo de la divulgación científica.Siempre con el fin de contribuir a la difusión de la astronomía y de la ciencia en general, tanto entre escolares como entre el público de cualquier edad y condición, posee una variada oferta de proyecciones audiovisuales, exposiciones y actividades (talleres, cursos, conferencias, observaciones públicas...)Las proyecciones que se ofrecen en el Planetario de Madrid se renuevan periódicamente, y tienen una duración aproximada de 30 minutos.Existen dos programaciones básicas diferentes: una activa durante el verano y época de vacaciones escolares, y otra durante el curso escolar. Durante el curso escolar, las proyecciones de las mañanas de los días lectivos se reservan a escolares. Video de presentación del centro    //     Folleto informativo (PDF)    //    Planetario en  Google MapsMetro: Méndez Álvaro (línea 6) Bus: 148, 156 BICIMAD: Estación 177 (Calle Bolívar 3) Planetario en  Google Maps
62;Real Basílica San Francisco el Grande;Palacio;Centro;28005;CALLE SAN BUENAVENTURA 1;40.41084005024222;-3.714503845728281;Conjunto conventual que sustituyó al monasterio franciscano medieval, construido por Francisco de las Cabezas entre 1761 y 1768, que fue relevado por Antonio Polo y que concluye Francisco Sabatini en 1784 donde se exponen colecciones de pinturas de los siglos XVII al XIX.Metro: La Latina (línea 5) , Puerta de Toledo (línea 5)Bus:  3Bicimad: Estación 37 (Plaza San Francisco, 5)
63;Real Fábrica de Tapices;Pacifico;Retiro;28014;CALLE FUENTERRABIA 2;40.406087329011655;-3.682515969574079;Metro: Menéndez Pelayo (línea 1).Bus: 10, 14, 26, 32, C1, C2, 141, 24, 37, 54, 57, 152.Bicimad: Estación 79 (avenida de menéndez Pelayo, 38).
64;Real Monasterio de Santa Isabel;Embajadores;Centro;28012;CALLE SANTA ISABEL 48;40.41213027498252;-3.6994547941964946;El Real Monasterio de Santa Isabel está situado en Madrid, dentro de la ciudad histórica, en una gran manzana, próxima a Atocha.Santa Isabel agrupa dos fundaciones, un colegio de niñas, establecido por Felipe II, y un convento de clausura de monjas agustinas recoletas, fundado por la esposa de Felipe III, doña Margarita de Austria.La arquitectura de la iglesia se debe a Gómez de Mora, de mediados del siglo XVIII. En la clausura se conservan numerosas obras pictóricas de los siglos XVII y XVIII.Metro: Estación del Arte (Atocha) (línea 1)Bus: 26, 32, 6, 27, 34, C1Renfe: Atocha
65;Real Monasterio de la Encarnación;Palacio;Centro;28013;PLAZA ENCARNACION 1;40.41967800877382;-3.711567962866152;Edificio construído por Juan Gómez de Mora de 1611 a 1616 como monasterio anejo al Alcázar Real, modelo de lo que se ha dado en llamar barroco madrileño. Cuenta con la reliquia de San Pantaleón.Metro:  Ópera (líneas 2, 5 y Ramal Ópera Príncipe Pío), Plaza de España (líneas 3, 10)Bus:  3, 25, 39, 148Bicimad: Estación 25 a y b (Plaza Celenque, 1)
66;Templo de Debod;CasaCampo;Moncloa-Aravaca;28008;CALLE FERRAZ 1;40.42425096551599;-3.716531855540272;Templo egipcio dedicado a Amón de Debod y a Isis, construido entre 185 AC y el siglo I de la Era. Fue donado por Egipto a España en 1968, en agradecimiento por la ayuda en el salvamento de los templos de Abu Simbel. Egyptian temple dedicated to Amun of Debod and Isis. It was built between 185 BC and the 1st century. It was donated by Egypt to Spain in 1968 for its help in the rescue of the temples of Abu Simbel.El templo de Debod no cuenta en la actualidad con accesos adaptados a personas con movilidad reducida y la circulación en su interior es igualmente difícil. Debod temple has currently no access adapted for people with reduced mobility.   El templo es un monumento histórico de una antig&ampuumledad de 2.200 años. Su estructura interna, que constituye el espacio de actual de exposición, está formada por distintas salas de dimensiones reducidas, con vanos estrechos y numerosas barreras, que responden a los fines y necesidades de los cultos religiosos que en él tuvieron lugar, pero que imposibilitan la circulación con sillas de ruedas convencionales.  La legislación sobre accesibilidad vigente en nuestra Comunidad (Ley 8/1993 de 22 de Junio de Promoción de la Accesibilidad y Supresión de Barreras Arquitectónicas), en su disposición adicional 7&ampordf, exime de su aplicación en los inmuebles declarados Bien de Interés Cultural o en aquellos edificios de valor histórico-artístico. No obstante, se está trabajando en hacer accesibles las plataformas en las que se levanta el templo y sus dos portales.Metro: Plaza de España (líneas 3 y 10) y Ventura Rodríguez (línea 3) Bus: 1, 2, 3, 25, 39, 44, 46, 74, 75, 133, 138, 148, C1 y C2 Renfe: Príncipe Pío  Bus turístico: Ruta 1. PARADA 10 - Templo de Debod Otras formas de acceso: Aparcamiento de coches: dentro del Área de Estacionamiento Regulado de la ciudad de Madrid. BICIMAD (Servicio público de bicicletas de la ciudad de Madrid): Estación 115 (calle Evaristo San Miguel s/n.,entre Paseo Pintor Rosales y calle Ferraz)
67;The Robot Museum (Museo del Robot);Universidad;Centro;28015;CALLE ALBERTO AGUILERA 1 PLANTA BAJA;40.42949061464909;-3.7068731815207014;El Museo del Robot es un espacio que alberga una de las mayores colecciones de robotsMetro: San Bernardo (líneas 2, 4), Quevedo (líneas 2), Arg&ampuumlelles (líneas 3, 4, 6), Bilbao (líneas 1, 4)Bus: 3, 21, 147Bicimad: Estación 3 (plaza Conde Valle Suchil, 24)
68;Yacimiento paleontológico. Estación de Metro Carpetana;Aluche;Latina;28047;CALLE VIA CARPETANA 328;40.39150793405899;-3.7428839286586184;Durante las obras de remodelación de la estación de Carpetana se descubrieron restos paleontológicos con valiosos hallazgos del Mioceno, lo que ha hecho posible una reconstrucción de los paleoambientes en dos yacimientos verticales.Metro: Carpetana (línea 6)bus: 55, 119, 17, 25
69;Zapadores Ciudad del Arte. Museo Siglo XXI;Valverde;Fuencarral-ElPardo;28034;CALLE ANTONIO DE CABEZON 70;40.49572804745456;-3.6818117500732046;
